{"russia": {"real_data": [0.03640000522136688, 0.040000006556510925, 0.03620000183582306, 0.035999998450279236, 0.03959999978542328, 0.06579999625682831, 0.06559999287128448, 0.06520000100135803, 0.06340000033378601, 0.06319999694824219, 0.06239999830722809, 0.06180000305175781, 0.06280000507831573, 0.062199994921684265, 0.05820000171661377, 0.06080000102519989, 0.07840000092983246, 0.08560000360012054, 0.07739999890327454, 0.08020000159740448, 0.0772000104188919, 0.07860000431537628, 0.07959999144077301, 0.0804000049829483, 0.07959999144077301, 0.0772000104188919, 0.07819999754428864, 0.07919999957084656, 0.0714000016450882, 0.07360000908374786, 0.07520000636577606, 0.07540000975131989, 0.07400000095367432, 0.07459999620914459, 0.07360000908374786, 0.07199999690055847, 0.07160000503063202, 0.06379999220371246, 0.06599999964237213, 0.0673999935388565, 0.06419999897480011, 0.06419999897480011, 0.06440000236034393, 0.06539998948574066, 0.06440000236034393, 0.06559999287128448, 0.06980000436306, 0.07279999554157257, 0.0722000002861023, 0.0689999908208847, 0.0706000030040741, 0.0689999908208847, 0.0706000030040741, 0.08740000426769257, 0.08740000426769257, 0.09139999747276306, 0.09039999544620514, 0.08799999952316284, 0.08799999952316284, 0.09019999206066132, 0.08799999952316284, 0.08859999477863312, 0.08820000290870667, 0.08640000224113464, 0.09019999206066132, 0.09179998934268951, 0.09100000560283661, 0.08959999680519104, 0.08980000019073486, 0.094200000166893, 0.09679999947547913, 0.09719999134540558, 0.09460000693798065, 0.09679999947547913, 0.09800000488758087, 0.09559999406337738, 0.0973999947309494, 0.09759999811649323, 0.09379999339580536, 0.0982000082731247, 0.09700000286102295, 0.09700000286102295, 0.09460000693798065, 0.09640000760555267, 0.1005999892950058, 0.11739999055862427, 0.12999999523162842, 0.131400004029274, 0.1428000032901764, 0.17960000038146973, 0.20360000431537628, 0.4004000127315521, 0.3497999906539917, 0.3515999913215637, 0.34619998931884766, 0.3659999966621399, 0.3619999885559082, 0.35679998993873596, 0.3569999933242798, 0.2962000072002411, 0.26579999923706055, 0.2524000108242035, 0.24639999866485596, 0.22759999334812164, 0.20759999752044678, 0.21279999613761902, 0.21480000019073486, 0.20640000700950623, 0.22139999270439148, 0.2176000028848648, 0.219200000166893, 0.21240000426769257, 0.19179999828338623, 0.19359999895095825], "prediction": [0.02487233281135559, 0.030111372470855713, 0.051527440547943115, 0.041264429688453674, 0.0743056982755661, 0.06428131461143494, 0.0639401227235794, 0.08076921105384827, 0.0732298493385315, 0.06868605315685272, 0.06538833677768707, 0.05800071358680725, 0.05014696717262268, 0.05449680984020233, 0.07244086265563965, 0.06443119049072266, 0.09302201867103577, 0.08654390275478363, 0.04568462073802948, 0.08852259814739227, 0.08918017148971558, 0.06455683708190918, 0.07688313722610474, 0.07052448391914368, 0.07816709578037262, 0.050925105810165405, 0.05983969569206238, 0.06616494059562683, 0.05663938820362091, 0.06319133937358856, 0.05893026292324066, 0.06659571826457977, 0.06992556154727936, 0.0773208737373352, 0.07305923104286194, 0.07362028956413269, 0.06070511043071747, 0.07509861886501312, 0.06054423749446869, 0.05958683788776398, 0.07381387054920197, 0.08609318733215332, 0.09650121629238129, 0.10431073606014252, 0.10467718541622162, 0.10399830341339111, 0.08725905418395996, 0.08521164953708649, 0.0873073935508728, 0.09241823852062225, 0.09105055034160614, 0.08903230726718903, 0.09744338691234589, 0.09638810157775879, 0.09099437296390533, 0.0880437046289444, 0.10918471217155457, 0.12904658913612366, 0.12062899023294449, 0.09924378991127014, 0.09945744276046753, 0.08908805251121521, 0.10097770392894745, 0.09837277233600616, 0.09326449036598206, 0.09920033812522888, 0.12210624665021896, 0.1264846920967102, 0.13203543424606323, 0.1373027265071869, 0.15199971199035645, 0.14719803631305695, 0.1436621993780136, 0.14915484189987183, 0.1670563668012619, 0.230544775724411, 0.2520093321800232, 0.29872429370880127, 0.27172040939331055, 0.2561848759651184, 0.22644227743148804, 0.28303420543670654, 0.25255367159843445, 0.27060508728027344, 0.2641509771347046, 0.24539467692375183, 0.29785966873168945, 0.28320997953414917, 0.2886013388633728, 0.3313887417316437, 0.3260502219200134, 0.4391821026802063, 0.40383005142211914, 0.315428763628006, 0.3074007034301758, 0.30474379658699036, 0.3001902401447296, 0.28745177388191223, 0.3097282648086548, 0.3037521243095398, 0.32713156938552856, 0.3171499967575073, 0.3110320568084717, 0.30767861008644104, 0.2983162999153137, 0.28379711508750916, 0.2965685725212097, 0.29580214619636536, 0.28474730253219604, 0.2774777114391327, 0.2743985652923584, 0.27155622839927673, 0.2582242786884308, 0.28071898221969604]}, "germany": {"real_data": [0.19939999282360077, 0.19660000503063202, 0.19619999825954437, 0.20100000500679016, 0.19840000569820404, 0.19280000030994415, 0.20080000162124634, 0.19259999692440033, 0.20160000026226044, 0.1915999948978424, 0.2011999934911728, 0.2046000063419342, 0.20720000565052032, 0.2011999934911728, 0.18979999423027039, 0.19140000641345978, 0.19939999282360077, 0.20160000026226044, 0.32839998602867126, 0.5009999871253967, 0.49479997158050537, 0.4973999857902527, 0.4991999864578247, 0.4925999641418457, 0.5054000020027161, 0.48979997634887695, 0.48979997634887695, 0.46939998865127563, 0.45820000767707825, 0.44920000433921814, 0.46799999475479126, 0.4426000118255615, 0.18379999697208405, 0.06280000507831573, 0.05179999768733978, 0.0567999929189682, 0.05120000243186951, 0.05499999225139618, 0.052799999713897705, 0.05240000784397125, 0.05240000784397125, 0.05240000784397125, 0.052799999713897705, 0.05259999632835388, 0.23929978907108307, 0.23929978907108307, 0.23929978907108307, 0.23929978907108307, 0.23929978907108307, 0.7260000109672546, 0.7264000177383423, 0.6700000166893005, 0.6966000199317932, 0.7107999920845032, 0.7107999920845032, 0.703000009059906, 0.7080000042915344, 0.7366000413894653, 0.7376000881195068, 0.7504000067710876, 0.7368000149726868, 0.7346000075340271, 0.7391999959945679, 0.7391999959945679, 0.7391999959945679, 0.745199978351593, 0.745199978351593, 0.7476000189781189, 0.7576000094413757, 0.8158000111579895, 0.8116000294685364, 0.8108000159263611, 0.8083999752998352, 0.8083999752998352, 0.8090000152587891, 0.800000011920929, 0.7621999979019165, 0.7552000284194946, 0.7675999999046326, 0.7807999849319458, 0.8065999746322632, 0.8065999746322632, 0.7838000059127808, 0.7796000242233276, 0.7796000242233276, 0.7796000242233276, 0.8112000226974487, 0.807200014591217, 0.805400013923645, 0.8076000213623047, 0.829800009727478, 0.829800009727478, 0.829800009727478, 0.8258000016212463, 0.8105999827384949, 0.8100000023841858, 0.8101999759674072, 0.8149999976158142, 0.8320000171661377, 0.8338000178337097, 0.8338000178337097, 0.8306000232696533, 0.8248000144958496, 0.8294000029563904, 0.8339999914169312, 0.840399980545044, 0.840399980545044, 0.8288000226020813, 0.8259999752044678, 0.8041999936103821, 0.7983999848365784, 0.7960000038146973, 0.8083999752998352, 0.8162000179290771],